<?xml version="1.0"?>
<firstclass>
<FCFORMSHEADER>
	<fcobject objtype="oConfItem" formid="141" objname="Sam Scott">
		<field id="3" index="0" type="number">-923302446</field>
		<subject index="0" >Fwd: Re: a lesson for people in Computer Science</subject>
		<tonames index="0" >Grade 11 Computer Science</tonames>
	</fcobject>
</FCFORMSHEADER>
<body>
Get it? First person to explain the joke completely wins a prize.&#13;
&#13;
Sam.&#13;
&#13;
http://xkcd.com/571/ </body>
</firstclass>
