<?xml version="1.0"?>
<firstclass>
<FCFORMSHEADER>
	<fcobject objtype="oConfItem" formid="141" objname="Sam Scott">
		<field id="3" index="0" type="number">-907835013</field>
		<subject index="0" >Re: help</subject>
		<tonames index="0" >Grade 11 Computer Science</tonames>
		<bccnames index="0" >Scott R.K. Muirhead</bccnames>
	</fcobject>
</FCFORMSHEADER>
<body>
&#13;
At the start of a method I have I am getting an &lt;identifier&gt; expected error &#13;
the line with the error looks like this &#13;
&#13;
puplic static int findName(String[] names, key)&#13;
&#13;
WEll, I would have to look at the code, but I see two things here. First, &quot;public&quot; is misspelled, and second, the key parameter needs a type. But if you do that and it's still happening, I would start checking your curly brackets because it sounds like the compiler doesn't know where you are in the code at this point.&#13;
&#13;
the method takes the peramiters and searches through the array for the key and returns the value of the index where the key was found.  And if the key wasn't found, returns -1&#13;
but I can't test it because I can't compile it with this error &#13;
thanks for your help&#13;
&#13;
&#13;
</body>
</firstclass>
