<?xml version="1.0"?>
<firstclass>
<FCFORMSHEADER>
	<fcobject objtype="oConfItem" formid="141" objname="Sam Scott">
		<field id="3" index="0" type="number">-910451291</field>
		<subject index="0" >The programs to trace</subject>
		<attachment index="1" >TracingExample1.java</attachment>
		<attachment index="2" >TracingExample2.java</attachment>
		<attachment index="3" >TracingExample3.java</attachment>
		<tonames index="0" >Grade 11 Computer Science</tonames>
	</fcobject>
</FCFORMSHEADER>
<body>
These are the examples from class. After you're finished tracing the code, you can run them to see if you got it right.&#13;
&#13;
The third one has a particularly strange bug that is hard to find until you run it...&#13;
&#13;
</body>
</firstclass>
