<?xml version="1.0"?>
<firstclass>
<FCFORMSHEADER>
	<fcobject objtype="oConfItem" formid="141" objname="Sam Scott">
		<field id="3" index="0" type="number">-923924978</field>
		<subject index="0" >READ ME - Notes on Unit 2 Assignment</subject>
		<tonames index="0" >Grade 11 Computer Science</tonames>
	</fcobject>
</FCFORMSHEADER>
<body>
Here's an FAQ for the Unit 2 assignment...&#13;
&#13;
Help! The assignment says to display an image of the product, but I don't know how to display images!&#13;
&#13;
Don't panic. Go to the Important Files folder, look in Unit 2, and find ImageExample.zip. Unzip the file and open it. It contains instructions for how to display images.&#13;
&#13;
Help me, help me!!! I still can't figure it out!!!!!&#13;
&#13;
Relax. If you can't get it working, just work on other parts of the program for now. I'll help you when I see you on Tuesday. :-)&#13;
&#13;
Sam.</body>
</firstclass>
