<?xml version="1.0"?>
<firstclass>
<FCFORMSHEADER>
	<fcobject objtype="oConfItem" formid="141" objname="Sam Scott">
		<field id="3" index="0" type="number">-927561899</field>
		<subject index="0" >Notes on Sound...</subject>
		<tonames index="0" >Grade 11 Computer Science</tonames>
	</fcobject>
</FCFORMSHEADER>
<body>
There is code in the Unit One area of Important Files that shows you how to include audio in your programs. It only works for .wav and .mid files (and possibly .au files).&#13;
&#13;
You can use this code to put sounds into your programs.&#13;
&#13;
OPTIONAL EXERCISE: Have your lyrics program play the song as the lyrics are displayed. Note that you will have to convert your mp3's to wav's in order for it to work, or perhaps you can find a version of the song in .wav format already.&#13;
&#13;
If you want to chop up sound files and change formats, I recommend GoldWave (google it). Turns out you can even install it on the school computers without needing administrator permissions. You have my permission to install GoldWave on any computer in 328 if you want to. If you need help with this, let me know.&#13;
&#13;
Sam</body>
</firstclass>
