<?xml version="1.0"?>
<firstclass>
<FCFORMSHEADER>
	<fcobject objtype="oConfItem" formid="141" objname="Sam Scott">
		<field id="3" index="0" type="number">-927561823</field>
		<subject index="0" >Graphics Exercise</subject>
		<tonames index="0" >Grade 11 Computer Science</tonames>
	</fcobject>
</FCFORMSHEADER>
<body>
To be assigned Tuesday, September 21.&#13;
&#13;
This is a One Class Exercise. That means it is due in the drop box next class.&#13;
&#13;
Create a Logo for Computer Science Class&#13;
&#13;
- Use setFont, setColor, and drawString to print out the name of the course: ICS3U&#13;
- Create the rest of the logo using graphics methods (use at least 3 other graphics methods from the handout).&#13;
- If you have time, add some timing effects to make it flashy&#13;
&#13;
Note: This is just a quick exercise to get some experience using graphics methods. Don't spend too long on it. But if you make something good, I might use it to advertise the course.&#13;
&#13;
Sam.&#13;
&#13;
    </body>
</firstclass>
