<?xml version="1.0"?>
<firstclass>
<FCFORMSHEADER>
	<fcobject objtype="oConfItem" formid="141" objname="Sam Scott">
		<field id="3" index="0" type="number">-922198210</field>
		<subject index="0" >Exercises in Randomness</subject>
		<tonames index="0" >Grade 11 Computer Science</tonames>
	</fcobject>
</FCFORMSHEADER>
<body>
To be Assigned Tuesday, November 23&#13;
&#13;
These are One Class Exercises. That means they are due in the drop box next class.&#13;
&#13;
1. Write a program that simulates rolling two dice, first for the user, and then for the computer. Then announce who won: the user, the computer, or a tie.&#13;
&#13;
2. Write a program that asks a person&#226;&#128;&#153;s name, and then 70% of the time says that the name they typed is their favourite, and 30% of the time says they hate that name.&#13;
&#13;
3. Write a program where the computer chooses a number from 23 to 49, then gives the user one chance to guess it. Extra challenge: give the user 3 guesses give them a higher or lower hint if they don&#226;&#128;&#153;t get it on one of the first two guesses.&#13;
 </body>
</firstclass>
