<?xml version="1.0"?>
<firstclass>
<FCFORMSHEADER>
	<fcobject objtype="oConfItem" formid="141" objname="Sam Scott">
		<field id="3" index="0" type="number">-910533837</field>
		<subject index="0" >Tracing Quiz on Tuesday</subject>
		<attachment index="1" >Program Tracing Sheet 2.docx</attachment>
		<attachment index="2" >TracingExample3.java</attachment>
		<tonames index="0" >Grade 11 Computer Science</tonames>
	</fcobject>
</FCFORMSHEADER>
<body>
On Tuesday, April 4 we will take up the tracing exercises (attached) from Friday and then have a tracing quiz. The modularity assignments are also due on that day.&#13;
&#13;
Sam.</body>
</firstclass>
