<?xml version="1.0"?>
<firstclass>
<FCFORMSHEADER>
	<fcobject objtype="oConfItem" formid="141" objname="Sam Scott">
		<field id="3" index="0" type="number">-926876950</field>
		<subject index="0" >Unit 1 Final Assignment - REVISED</subject>
		<tonames index="0" >Grade 11 Computer Science</tonames>
	</fcobject>
</FCFORMSHEADER>
<body>
NOTE - THIS ASSIGNMENT HAS CHANGED SINCE IT WAS FIRST POSTED!!!&#13;
&#13;
To be assigned Friday, September 24.&#13;
&#13;
This is a Unit Assignment. That means that most of your mark for this unit will be based on this assignment.&#13;
&#13;
A Constellation &quot;Trading Card&quot;&#13;
&#13;
Create an on-line &quot;trading card&quot; program that celebrates and informs the user about one of the star constellations.  Here is what the program should do:&#13;
&#13;
1. Resize the console so it is the right size and shape for a trading card&#13;
&#13;
2. Display a &quot;front page&quot; with an appropriate design, title, your name, and the date.&#13;
&#13;
3. Wait for the user to press a key to &quot;open&quot; the card&#13;
&#13;
4. Clear the screen and display the inside of the card&#13;
a. An accurate display of the constellation&#13;
b. Some nicely formatted text with a paragraph about the constellation. You may copy this text from a web source, but if you do that you MUST cite the source in a small font at the bottom of the card (e.g. &quot;text from 'Zodiac Signs, the signatures of your destiny' at http://www.zodiac-signs.org/&quot;)&#13;
c. You must have some timing effects (e.g. twinkling stars, scrolling text, a starfield where the other stars fade out leaving your constellation there, etc) &#13;
&#13;
Here are some more rules...&#13;
- Make it as authentic as you can - research the constellation and draw it carefully so that the lengths of each segment are to scale&#13;
- The design for both the front and the inside should combine text and graphics.&#13;
- Make sure you use at least 2 different fonts and 4 different colors.&#13;
- Use a minimum of 12 different console methods in the program.&#13;
- Use Thread.sleep() to add some timing effects to the inside page (and optionally the front page as well).&#13;
- You must put comments in your code according to the commenting standards.&#13;
- No images. Draw it all yourself.&#13;
- You will have a lot of class time for this. Try to make it really cool!&#13;
&#13;
Optional (you don't have to do this, but it would be cool)...&#13;
- Have some kind of appropriate music play when the card is opened, or perhaps a sound effect.&#13;
&#13;
Here are web sites with a bunch of constellations listed. You may have to use Google images to get a picture, though.&#13;
http://www.zodiac-signs.org&#13;
http://en.wikipedia.org/wiki/List_of_constellations&#13;
&#13;
Due: Friday, October 8th (see &quot;end of unit 1 info&quot; message for instructions)&#13;
&#13;
</body>
</firstclass>
