<?xml version="1.0"?>
<firstclass>
<FCFORMSHEADER>
	<fcobject objtype="oConfItem" formid="141" objname="Sam Scott">
		<field id="3" index="0" type="number">-912508817</field>
		<subject index="0" >Modularity Exercises 3</subject>
		<tonames index="0" >Grade 11 Computer Science</tonames>
	</fcobject>
</FCFORMSHEADER>
<body>
To be assigned Tuesday, March 29&#13;
&#13;
These are Two Class Exercises. That means they are due on Tuesday, March 5&#13;
&#13;
1. Write a method for working out the y values of a quadratic function given the x value. This function takes four parameters (a, h, k, and x) and then returns y = a(x-h)^2+k. THIS FUNCTION SHOULD NOT CONTAIN ANY PRINT OR PRINTLINES. &#13;
&#13;
2. Write a main method that asks the user for a, h, k. Then go into a loop that calls your prettyPrint function to output the quadratic function in vertex form, asks them for an x, and calls the function from question 1 to work out y. Then have the main method print y to the screen. Then ask them if they want to continue and start again if they do.&#13;
&#13;
3. Write a method called addUp that adds up all the integers from a to b and returns the result. Then write a main method to test your function and make sure it works.&#13;
&#13;
NOTES: &#13;
- This assignment is being graded.&#13;
- Don't forget to include your printSignature() method and call it at the start of the program.&#13;
&#13;
</body>
</firstclass>
