<?xml version="1.0"?>
<firstclass>
<FCFORMSHEADER>
	<fcobject objtype="oConfItem" formid="141" objname="Sam Scott">
		<field id="3" index="0" type="number">-912877592</field>
		<subject index="0" >Modularity Exercise 2</subject>
		<tonames index="0" >Grade 11 Computer Science</tonames>
	</fcobject>
</FCFORMSHEADER>
<body>
To be assigned Tuesday, March 8&#13;
&#13;
This is a Two Class Exercise. That means it is due at the end of the day on Friday (before March break)&#13;
&#13;
Three cheers for Grade 10 Math! To celebrate the awesomeness of grade 10 math, you are going to make a method that will display a quadratic equation in vertex form, all nicely formatted.&#13;
&#13;
A quadratic equation in vertex form looks like this:&#13;
&#13;
[Image]&#13;
&#13;
For example, in the quadratic equation [Image], a = 2, h = 3, and k = 4.&#13;
&#13;
The Exercise:&#13;
&#13;
Write a method that takes three parameters (a, b, and c) and prints out the equation in vertex form and in a &quot;pretty&quot; format. The main method should ask the user for the values, and then it should call your quadratic equation method with the three values entered by the user.&#13;
&#13;
Use if statements to test the values of a, h, and k before you print them. For example, if h is negative, you must change the - to a + sign. If a, h, or k are zero, you should not print those terms 0 in fact, if h is zero, you should also remove the brackets. If a is 1 or -1, you should either not print it or just print a - sign.&#13;
&#13;
Example Good Program Output:&#13;
&#13;
Please enter the a, k, and k values for a quadratic equation in vertex form.&#13;
&#194;&#160;&#194;&#160;&#194;&#160;&#194;&#160;&#194;&#160; &#13;
Enter a: -3&#13;
Enter h: -2&#13;
Enter k: 9.5&#13;
&#13;
The equation in vertex form is y = -3(x+2)^2 + 9.5&#13;
&#13;
Note: All user input should be in the main method. All the processing and output should be in the other method you write. &#13;
&#13;
Try to make the output look good. Don&#226;&#128;&#153;t do this:&#13;
&#13;
Please enter the a, h, and k values for a quadratic equation in vertex form.&#13;
&#194;&#160;&#194;&#160;&#194;&#160;&#194;&#160;&#194;&#160; &#13;
Enter a: 1&#13;
Enter h: 0&#13;
Enter k: -5&#13;
&#13;
The equation in vertex form is y = 1(x-0)^2 + -5&#13;
&#13;
Print it like this instead:&#13;
&#13;
The equation in standard form is y = x^2 - 5&#13;
&#13;
Make sure you come up with a good set of test cases for yourself so you catch all the possibilities!&#13;
&#13;
Warning!!! Unlike other Two Class Exercises, I WILL be grading this one for structure and performance, so make sure you do a good job!&#13;
&#13;
</body>
</firstclass>
