<?xml version="1.0"?>
<firstclass>
<FCFORMSHEADER>
	<fcobject objtype="oConfItem" formid="141" objname="Sam Scott">
		<field id="3" index="0" type="number">-927561371</field>
		<subject index="0" >End of Unit 1 Info - REVISED</subject>
		<tonames index="0" >Grade 11 Computer Science</tonames>
	</fcobject>
</FCFORMSHEADER>
<body>
Due Friday October 8th&#13;
1. Karaoke Program&#9;&#9;&#9;&#9;(should already be handed in)&#13;
2. Flow Chart (pseudocode) Exercise &#9;(should already be handed in)&#13;
3. ICS3U Logo Exercise &#9;&#9;&#9;&#9;(should already be handed in)&#13;
4. Constellation Assignment &lt;-- this is worth the most!&#13;
&#13;
Unit 1 Test (open book)&#13;
Tuesday, October 5th.&#13;
&#13;
Topics: Text and graphics output, flow charts, compilers and what happens when you press &quot;run&quot;.&#13;
&#13;
Portfolio Hand In&#13;
Tuesday, October 5th.&#13;
Note that the portfolio must be bound. I won't accept a handful of papers.&#13;
</body>
</firstclass>
