<?xml version="1.0"?>
<firstclass>
<FCFORMSHEADER>
	<fcobject objtype="oConfItem" formid="141" objname="Sam Scott">
		<field id="3" index="0" type="number">-925577462</field>
		<subject index="0" >Second Unit 2 Exercises</subject>
		<tonames index="0" >Grade 11 Computer Science</tonames>
	</fcobject>
</FCFORMSHEADER>
<body>
To be Assigned Wednesday, October 13&#13;
&#13;
These are One Class Exercises. That means they are due in the drop box next class.&#13;
&#13;
1. Make a flow chart for your averaging program. You can make it in Smart Ideas, Word, or on paper. Hand in a hard copy to me or a soft copy to the drop box.&#13;
&#13;
2. Write a program that asks the user for the number of people who will be attending a wedding, and then tells them how many tables of 10 they will need. Use variables of type int. It&#226;&#128;&#153;s ok to recommend one extra table, but make sure you don&#226;&#128;&#153;t recommend too few.&#13;
&#13;
Don't forget to prompt the user for each input, and make the output look nice.&#13;
</body>
</firstclass>
