<?xml version="1.0"?>
<firstclass>
<FCFORMSHEADER>
	<fcobject objtype="oConfItem" formid="141" objname="Sam Scott">
		<field id="3" index="0" type="number">-960213094</field>
		<subject index="0" >Karaoke Exercise</subject>
		<tonames index="0" >Grade 11 Computer Science</tonames>
	</fcobject>
</FCFORMSHEADER>
<body>
To be Assigned Monday, September 13.&#13;
&#13;
This is a Two-Class Exercise. That means you have this class and the next to work on it before it is due.&#13;
&#13;
Exercise: Write a karaoke program that displays lyrics from a song (1 verse &amp; chorus only - max 15 lines). &#13;
- Format the output using different colors&#13;
- Use c.print(), c.println(), c.setCursor(), c.clear() at least once each. &#13;
- Use Thread.sleep() and/or c.getChar() to give the program some rhythm. &#13;
- Try to time the output of the lyrics or poem to match the speed at which it would be sung or recited (you can time it by listening on headphones while it runs).&#13;
- Make it look as flashy as you can.&#13;
&#13;
Code Organization: This program should be in a package called UnitOneExercises or something similar. This entire package will be handed in as a zip file at the end of the unit.&#13;
&#13;
Work Time: You will have the rest of this class, plus most of next class to work.&#13;
&#13;
Due: Friday, September 17 before class (hand in just the .java file to the drop box)</body>
</firstclass>
