<?xml version="1.0"?>
<firstclass>
<FCFORMSHEADER>
	<fcobject objtype="oConfItem" formid="141" objname="Sam Scott">
		<field id="3" index="0" type="number">-913563178</field>
		<subject index="0" >Fwd: clever bot</subject>
		<tonames index="0" >Grade 11 Computer Science</tonames>
		<tonames index="1" >Grade 12 Computer Science</tonames>
		<tonames index="2" >Programming Competitions</tonames>
	</fcobject>
</FCFORMSHEADER>
<body>
Thanks to Nick Pavlasek for sending me this. This is by far the most human-sounding general chat bot I have ever seen.&#13;
&#13;
http://www.cleverbot.com/&#13;
&#13;
For those who don't know, back in 1950, Alan Turing (one of the early big names in computer science) proposed his &quot;Test for Machine Intelligence&quot;. The basic idea (which has changed a bit since he first proposed it) is that you are in a chat room talking to two entities - one human and one computer. If you can't tell which is which, then the computer should be considered to be &quot;intelligent&quot;.&#13;
&#13;
The idea is now known as the &quot;Turing Test&quot;, and it's a definition of intelligence has been discussed and debated for well over half a century by computer scientists, philsophers, psychologists, and the like. But to this day, nobody has been able to succeed at the challenge of creating a computer that passes the test.&#13;
&#13;
[ http://en.wikipedia.org/wiki/Turing_test ]http://en.wikipedia.org/wiki/Turing_test &#13;
&#13;
Sam.</body>
</firstclass>
