<?xml version="1.0"?>
<firstclass>
<FCFORMSHEADER>
	<fcobject objtype="oConfItem" formid="141" objname="Sam Scott">
		<field id="3" index="0" type="number">-926180330</field>
		<subject index="0" >First Unit 2 Exercise</subject>
		<tonames index="0" >Grade 11 Computer Science</tonames>
	</fcobject>
</FCFORMSHEADER>
<body>
This will be assigned on Friday, October 8.&#13;
&#13;
This is a One Class Exercise. That means it is due in the drop box next class.&#13;
&#13;
-------------------------------------------------------------------------------&#13;
Write a program that does the following:&#13;
&#13;
Input: Greets the user and asks their name, test mark, assignment mark, and project mark (each out of 10, but with decimals allowed).&#13;
&#13;
Processing: Computes their average mark.&#13;
&#13;
Output: Clears the screen and displays a summary of their grades, including their name, each separate mark, and their average mark rounded to one decimal place.&#13;
-------------------------------------------------------------------------------&#13;
&#13;
Don't forget to prompt the user for each input, and make the output look nice and comment according to the commenting standards. &#13;
&#13;
Also, the Input, Processing, and Output sections of the code should be labelled in comments in your program.&#13;
&#13;
&#13;
&#13;
</body>
</firstclass>
