<?xml version="1.0"?>
<firstclass>
<FCFORMSHEADER>
	<fcobject objtype="oConfItem" formid="141" objname="Sam Scott">
		<field id="3" index="0" type="number">-913218870</field>
		<subject index="0" >First Modularity Exercise</subject>
		<tonames index="0" >Grade 11 Computer Science</tonames>
	</fcobject>
</FCFORMSHEADER>
<body>
To be Assigned Friday, March 4&#13;
&#13;
This is a One Class Exercise. That means it is due in the drop box next Tuesday.&#13;
&#13;
1. Add a printSignature method to one of your working programs. &#13;
-clear the screen&#13;
- print your signature&#13;
- pause&#13;
-end&#13;
&#13;
2. Call the printSignature method at the beginning and end of the program (it should be the first and last thing the user sees).&#13;
&#13;
3. Once the method is written, add it to another of your working programs &#13;
&#13;
Note: Make it look good, because from now on you will cut and paste this into every new program to identify it as something you wrote. It should probably take not too long as well, since you'll be looking at it a lot!&#13;
&#13;
</body>
</firstclass>
