<?xml version="1.0"?>
<firstclass>
<FCFORMSHEADER>
	<fcobject objtype="oConfItem" formid="141" objname="Sam Scott">
		<field id="3" index="0" type="number">-916753995</field>
		<subject index="0" >SuddenDeath and Greedy Exercises</subject>
		<tonames index="0" >Grade 11 Computer Science</tonames>
	</fcobject>
</FCFORMSHEADER>
<body>
To be Assigned Tuesday, January 25&#13;
&#13;
These are Two Class Exercises. That means they are due in the drop box next Tuesday.&#13;
&#13;
For more info on how to do these, see the Two More Design Patterns handout. You may work with a partner on this one, but if you do, you must use the Pair Programming method (see below).&#13;
&#13;
Warm Up - List the Factors (ITACL)&#13;
Write a program that asks the user for an integer, and then counts and lists all the factors of that integer (e.g. if the user enters 28, it should output 1, 2, 4, 7, 14, and 28). Remember a factor is a number that divides in evenly, and you can use the % operator to figure out if something is a factor.&#13;
&#13;
Exercise 1 - Greatest Common Factor (Greedy)&#13;
When you're reducing a fraction, it's useful to find the greatest common factor. Write a program that asks the user for two integers (a numerator and a denominator), and then finds the biggest number that divides evenly into both numbers - the GCF (Greatest Common Factor). It should print the GCF and then the reduced fraction.&#13;
&#13;
Exercise 2 - Is it Prime? (SuddenDeath)&#13;
Ask the user for a number n, then print a message to say whether it is a prime number or not. Basically you are looking for a factor other than 1 or itself. If you find such a factor, you can stop the loop immediately and say it's not prime. If you get through all the numbers from 2 to n without finding a factor, you can say it's prime. This is tricky because there are two ways to stop the loop - either you find a factor, or you run out of factors.&#13;
&#13;
------------------------------------------------------------------------------------------------------------------------------&#13;
Pair Programming&#13;
&#13;
This is a technique used by real computer programmers working in industry jobs. If done correctly, pair programming has been shown to significantly reduce the number of bugs that make are found during testing. It really works!&#13;
&#13;
How It Works&#13;
&#13;
The Driver: The driver's job is to sit behind the computer and actually write the code.&#13;
&#13;
The Navigator: The navigator's job is to think about what the driver is doing, what is coming next, the overall plan, etc. The navigator watches what the driver is doing, and is always thinking - is the driver writing the code according to the plan you worked out? Is the plan really going to work, or do you need to rethink it? Has the driver left anything out? When the navigator thinks they see a problem, she or he respectfully points it out to the driver. If the driver agrees, a change is made. Otherwise the driver and navigator need to talk it out before any more code is written.&#13;
&#13;
Who is Who? Both partners take it in turns as driver and navigator. Pick a time limit (20 or 30 minutes). The navigator should watch the clock. When it's time to switch, the driver becomes the navigator and vice versa.&#13;
</body>
</firstclass>
