<?xml version="1.0"?>
<firstclass>
<FCFORMSHEADER>
	<fcobject objtype="oConfItem" formid="141" objname="Sam Scott">
		<field id="3" index="0" type="number">-909933592</field>
		<subject index="0" >Array Exercises &amp; Assignments</subject>
		<tonames index="0" >Grade 11 Computer Science</tonames>
	</fcobject>
</FCFORMSHEADER>
<body>
To be assigned Friday, April 8&#13;
&#13;
These are Three Class Exercises. That means they are due on Tuesday, April 18&#13;
&#13;
You will find these exercises in Important Files, under Unit 6. They are on the last two pages of &quot;Intro to Arrays.doc&quot;.&#13;
&#13;
Don't forget to comment your code properly according to version 2.2 of the commenting standards (in the Unit 5 folder).&#13;
&#13;
NOTES: &#13;
- The two assignment questions will be graded.&#13;
- Don't forget to include your printSignature() method and call it at the start of each program.&#13;
&#13;
</body>
</firstclass>
