<?xml version="1.0"?>
<firstclass>
<FCFORMSHEADER>
	<fcobject objtype="oConfItem" formid="141" objname="Sam Scott">
		<field id="3" index="0" type="number">-928004164</field>
		<subject index="0" >Flow Chart to Code Exercise</subject>
		<tonames index="0" >Grade 11 Computer Science</tonames>
	</fcobject>
</FCFORMSHEADER>
<body>
To be assigned Friday, September 17.&#13;
&#13;
This is a One Class Exercise. That means it is due in the drop box next class.&#13;
&#13;
1. Pair up. &#13;
2. Each student starts with one of the programs and writes the first two lines of code. &#13;
3. Then switch seats with your partner and write the next two lines, making corrections if necessary to your partner&#226;&#128;&#153;s code. &#13;
4. Compile as you go to check for errors, and if you have a disagreement over how to do something, talk it out. &#13;
5. Try to get finished by the end of the class, but if you&#226;&#128;&#153;re not done, you should each take the program you started with, and finish it for homework.&#13;
6. Hand in the program you started with to the drop box by next class. The title should be &quot;Flow Cart Code Exercise&quot;.&#13;
&#13;
&#13;
Optional Extra: Add actual sound to your karaoke program.&#13;
&#13;
NOTE: This is for people who have finished everything and are looking for something extra to do. &#13;
&#13;
1. Download the Sound Example from Important files and read the comments to see how it&#226;&#128;&#153;s done.&#13;
2. Add the sound to your program.&#13;
3. NOTE: wav or mid files only &#226;&#128;&#147; if you have an mp3 you have to convert it to a wav file using audacity or something similar. Make sure the wav file is in 16 bit format, not 32 bit, or it won&#226;&#128;&#153;t work.&#13;
</body>
</firstclass>
