<?xml version="1.0"?>
<firstclass>
<FCFORMSHEADER>
	<fcobject objtype="oConfItem" formid="141" objname="Sam Scott">
		<field id="3" index="0" type="number">-915633509</field>
		<subject index="0" >Switch, For, and Do-While Exercise</subject>
		<tonames index="0" >Grade 11 Computer Science</tonames>
	</fcobject>
</FCFORMSHEADER>
<body>
To be Assigned Friday, February 4&#13;
&#13;
This is a One Class Exercise. That means it's due on Monday, February 7.&#13;
&#13;
For this exercise, you are to use a switch statement, a do...while loop, and for loops. &#13;
&#13;
No if statements or while loops allowed!&#13;
&#13;
1. Present the user with a menu. The options are: grow, move, fade, and quit.&#13;
2. Use a do-while loop to force the user to choose a valid option.&#13;
3. Use a switch statement to make an object grow, move, or fade, depending on the user's choice. &#13;
4. The growing, moving, and fading can be very simple, but they must be done with for loops.&#13;
5. Unless the user chose quit, you should loop back to the beginning, clear the screen, and start again. So most of the program should be inside a do-while loop too!</body>
</firstclass>
