<?xml version="1.0"?>
<firstclass>
<FCFORMSHEADER>
	<fcobject objtype="oConfItem" formid="141" objname="Sam Scott">
		<field id="3" index="0" type="number">-919787375</field>
		<subject index="0" >Boolean Expressions Exercises</subject>
		<tonames index="0" >Grade 11 Computer Science</tonames>
	</fcobject>
</FCFORMSHEADER>
<body>
To be Assigned Tuesday, January 4&#13;
&#13;
These are Two Class Exercises. That means they are due in the drop box next Tuesday.&#13;
&#13;
For more info on how to do these, see the Boolean Expressions Worksheet&#13;
&#13;
Exercise 1 - Categorizing People&#13;
People doing surveys often want to categorize people based on their answers. Write a program to ask the user how old they are, then categorize them as a child if they are under 14, a youth if they are between 15 and 20, inclusive, an adult if they are 21 to 65, and a senior if they are over 65.&#13;
&#13;
Example Run 1&#13;
How old is the person?&#13;
12&#13;
This person is a child&#13;
&#13;
Example Run 2&#13;
How old is the person?&#13;
40&#13;
This person is an adult&#13;
&#13;
Exercise 2 - Groovy Numbers&#13;
A number is &quot;groovy&quot; if it is divisible by 13 or if it is both even and greater than 10. Write a program that takes a number from the user, and then says whether it is a groovy number or not. you will have to combine &amp;&amp; and |I, and maybe some brackets for this one.&#13;
&#13;
Example Run 1&#13;
Gimme a number!&#13;
39&#13;
That number is groovy!&#13;
&#13;
Example Run 2&#13;
Gimme a number!&#13;
10&#13;
That number is not groovy :-(&#13;
&#13;
Exercise 3 &#226;&#128;&#148; Tire Pressure &#13;
&#13;
To be correctly inflated, a car's tires should all have a pressure between 35 and 45 psi. Also, the front tires should be within 2 psi of each other, and the rear tires should be between 2 psi of each other. Write a program that asks the user for the pressure of each tire, and then tells them whether the inflation is good or bad. Check all the conditions with a single boolean expression. You will have to use the &amp; operator, subtraction, and maybe some brackets for this one. &#13;
&#13;
Make sure you test your program with lots of different situations (use what you know about branch and boundary testing to make sure you are covering everything). Here are some example outputs for the program...&#13;
&#13;
Example Run 1&#13;
Input right front pressure&#13;
34&#13;
Input left front pressure&#13;
36&#13;
Input right rear pressure&#13;
42&#13;
Input left rear pressure&#13;
41&#13;
Inflation is BAD&#13;
&#13;
Example Run 2&#13;
Input right front pressure&#13;
36&#13;
Input left front pressure&#13;
36&#13;
Input right rear pressure&#13;
42&#13;
Input left rear pressure&#13;
41&#13;
Inflation is GOOD&#13;
&#13;
Example Run 3&#13;
Input right front pressure&#13;
36&#13;
Input left front pressure&#13;
40&#13;
Input right rear pressure&#13;
42&#13;
Input left rear pressure&#13;
41&#13;
Inflation is BAD&#13;
&#13;
&#13;
Extra Challenge...&#13;
&#13;
If you get all these exercises done and are looking for something else to do, see if you can combine all three programs into one program with a menu using a OneOfMany pattern (else if or switch statement - use the version that you have not tried before if there is one). &#13;
</body>
</firstclass>
