<?xml version="1.0"?>
<firstclass>
<FCFORMSHEADER>
	<fcobject objtype="oConfItem" formid="141" objname="Sam Scott">
		<field id="3" index="0" type="number">-919713859</field>
		<subject index="0" >Handing in the Adventure Project</subject>
		<tonames index="0" >Grade 11 Computer Science</tonames>
	</fcobject>
</FCFORMSHEADER>
<body>
&#13;
1. Fully comment the code and make sure both of your names are in the comment header.&#13;
2. Hand in the code and all the image and sound files (if any) to the drop box.&#13;
3. Make sure your flow chart has your names on it and give it to me.&#13;
4. Either send your test cases to the drop box or print them and give me a copy. Make sure both names are on it.&#13;
5. Send me the email about who did what (see the You Must Fill This In message)&#13;
&#13;
Sam.</body>
</firstclass>
