<?xml version="1.0"?>
<firstclass>
<FCFORMSHEADER>
	<fcobject objtype="oConfItem" formid="141" objname="Sam Scott">
		<field id="3" index="0" type="number">-927412922</field>
		<subject index="0" >Fwd: Free media converter for both Mac and Pc</subject>
		<tonames index="0" >Grade 11 Computer Science</tonames>
	</fcobject>
</FCFORMSHEADER>
<body>
From Rutik...&#13;
&#13;
----- Original Message -----&#13;
&#13;
Hey Sam I was looking over the goldwave site and their program doesnt work on macs. I found this program called switch it works for both mac and pc http://www.nch.com.au/switch/index.html</body>
</firstclass>
