<?xml version="1.0"?>
<firstclass>
<FCFORMSHEADER>
	<fcobject objtype="oConfItem" formid="141" objname="Sam Scott">
		<field id="3" index="0" type="number">-907100181</field>
		<subject index="0" >Important Dates</subject>
		<tonames index="0" >Grade 11 Computer Science</tonames>
	</fcobject>
</FCFORMSHEADER>
<body>
&#13;
Tuesday, May 10 &#9;&#226;&#128;&#147; Introduction and discussion of the final project&#13;
Friday, May 13 &#9;&#9;&#226;&#128;&#147; Interviews about your initial idea for the project&#13;
Tuesday, May 17 &#9;- TEST ON STRINGS AND ARRAYS - Open Book&#13;
Friday, May 20 &#9;&#9;&#226;&#128;&#147; Design document due&#13;
June 6 &#9;&#9;&#9;&#226;&#128;&#147; Testing document due&#13;
June 13 &#9;&#9;&#9;&#226;&#128;&#147; Final project due date&#13;
</body>
</firstclass>
