<?xml version="1.0"?>
<firstclass>
<FCFORMSHEADER>
	<fcobject objtype="oConfItem" formid="141" objname="Sam Scott">
		<field id="3" index="0" type="number">-922194208</field>
		<subject index="0" >OneOfMany Exercise</subject>
		<tonames index="0" >Grade 11 Computer Science</tonames>
	</fcobject>
</FCFORMSHEADER>
<body>
To be Assigned Friday, November 26&#13;
&#13;
This is a One Class Exercises. That means it is due in the drop box next class.&#13;
&#13;
Write a program that presents the user with a menu. They can play the dice game (exercise 1 from last class), the name game (exercise 2 from last class), the guessing game (exercise 3 from last class), or a fourth very simple game that uses a random number (your choice - it can be as simple or complicated and as silly or serious as you like). If they don't make a correct choice, tell them they messed up and end the program.&#13;
&#13;
Note: You can use either switch or else if. It's your choice. Once you write the structure, you should be able to paste in the code you wrote last class for the first 3 options.&#13;
&#13;
</body>
</firstclass>
