<?xml version="1.0"?>
<firstclass>
<FCFORMSHEADER>
	<fcobject objtype="oConfItem" formid="141" objname="Sam Scott">
		<field id="3" index="0" type="number">-917099740</field>
		<subject index="0" >First Loops Exercises</subject>
		<tonames index="0" >Grade 11 Computer Science</tonames>
	</fcobject>
</FCFORMSHEADER>
<body>
To be Assigned Tuesday, January 18&#13;
&#13;
These are Two Class Exercises. That means they are due in the drop box next Tuesday.&#13;
&#13;
For more info on how to do these, see the Loops handout.&#13;
&#13;
Exercise 1 - CountOff&#13;
a. Ask the user how high to count. Then print numbers to the screen, starting at 1 and ending with the number the user chose. &#13;
b. Make a flow chart for this program in SmartIdeas.&#13;
&#13;
Exercise 2 - ITACL&#13;
a. Start counting from 1, and after each number, ask the user if they want to continue. Keep counting until they tell you to stop. &#13;
b. Make a flow chart for this program in SmartIdeas.&#13;
&#13;
Exercise 3&#13;
Ask the user how many grades they have. Then let them enter them one by one and when they are done, tell them their average. HINT: You will need a variable to keep a running tally of the grades. &#13;
&#13;
Exercise 4&#13;
Make a shape move around the screen. At least make it bounce back and forth a couple of times, but if you are feeling energetic, see if you can make it move in a more interesting way.&#13;
&#13;
EXTRA CHALLENGES&#13;
a. Change exercise 3 so the user doesn't have to say how many grades they will enter. Just let them keep entering grades until there are no more. When they are done, they should enter a negative number. Then show them the average.&#13;
&#13;
b. Draw 10,000 random stars on the screen. Set the x, y, size, and colour randomly for each one.&#13;
&#13;
c. Create a winter fireworks display using loops to move the fireworks across the screen.&#13;
&#13;
</body>
</firstclass>
