<?xml version="1.0"?>
<firstclass>
<FCFORMSHEADER>
	<fcobject objtype="oConfItem" formid="141" objname="Sam Scott">
		<field id="3" index="0" type="number">-908806242</field>
		<subject index="0" >String Processing Exercises</subject>
		<tonames index="0" >Grade 11 Computer Science</tonames>
	</fcobject>
</FCFORMSHEADER>
<body>
To Be Assigned Tuesday April 26&#13;
 &#13;
These are Two Class Exercises. That means they are due on Friday, May 6&#13;
&#13;
1. Create a main method to test the three methods you are about to write...&#13;
&#13;
2. Make a method called passwordCheck. This method should take a String as a parameter, and return true if it is an acceptable password. Acceptable passwords are at least 8 characters long, and contain both letters and numbers.&#13;
&#13;
&#9;HINT: if (s.charAt(i) &gt;= 'a' &amp; s.charAt(i) =&lt; 'z')&#13;
&#13;
3. Make a method called reverse. This method should take a String as a parameter and then return a string that is the exact reverse of the string it was given.&#13;
&#13;
4. Make a method called isPalindrome. This method should take a String as a parameter, and then return true if the string is a palindrome (i.e. it is the same backwards as forwards). &#13;
&#13;
5. Bonus: Create a method called wordLength. This method should take a String as a parameter, and then return the average word length of the string as a double. Hint: You will need a tokenizer.&#13;
&#13;
6. Extra Bonus. A simple encoding method would take a string and a key, and then change every letter by moving it forward the number of letters specified by the key and wrapping back from z to a when necessary. So if the string is &quot;Ewok&quot; and the key is 5, the encoding would be &quot;Jbtp&quot;. Can you write methods to encode and decode strings like this?&#13;
&#13;
</body>
</firstclass>
