<?xml version="1.0"?>
<firstclass>
<FCFORMSHEADER>
	<fcobject objtype="oConfItem" formid="141" objname="Sam Scott">
		<field id="3" index="0" type="number">-908755124</field>
		<subject index="0" >The Pledge of the Computing Professional</subject>
		<tonames index="0" >Grade 12 Computer Science</tonames>
		<tonames index="1" >Grade 11 Computer Science</tonames>
		<tonames index="2" >Programming Competitions</tonames>
	</fcobject>
</FCFORMSHEADER>
<body>
There's a movement afoot to create an &quot;Oath&quot; for the computing profession, similar to the oath that professional engineers have to take before they can wear their engineering rings. What do you folks think of this? Would you take the oath?&#13;
&#13;
[ http://computingprofessionals.wordpress.com/the-oath/ ]http://computingprofessionals.wordpress.com/the-oath/ &#13;
&#13;
Sam.</body>
</firstclass>
