<?xml version="1.0"?>
<firstclass>
<FCFORMSHEADER>
	<fcobject objtype="oConfItem" formid="141" objname="Sam Scott">
		<field id="3" index="0" type="number">-927065090</field>
		<subject index="0" >Before you hand in!</subject>
		<tonames index="0" >Grade 11 Computer Science</tonames>
	</fcobject>
</FCFORMSHEADER>
<body>
1. Make sure you are following the commenting standards&#13;
a. Remove the program template comments&#13;
b. Write your own comment header and include your name as author&#13;
c. Add some comments in the code explaining what is going on&#13;
d. Indent the program (highlight everything and hit TAB)&#13;
&#13;
2. Make sure the program has a descriptive name, and that the name starts with a capital letter.&#13;
&#13;
3. Test the program just before you hand it in to make sure it still works.&#13;
&#13;
The first two items above will be worth a minimum of 20% on every assignment...&#13;
</body>
</firstclass>
