<?xml version="1.0"?>
<firstclass>
<FCFORMSHEADER>
	<fcobject objtype="oConfItem" formid="141" objname="Sam Scott">
		<field id="3" index="0" type="number">-909254947</field>
		<subject index="0" >More Array Assignments</subject>
		<tonames index="0" >Grade 11 Computer Science</tonames>
	</fcobject>
</FCFORMSHEADER>
<body>
To be assigned Tuesday, April 19&#13;
&#13;
Check out the virtual handout:[ http://vufa.tdsb.on.ca/~sam.scott/ics3u/Array%20Search/ ]http://vufa.tdsb.on.ca/~sam.scott/ics3u/Array%20Search/ &#13;
&#13;
These are Two Class Exercises. That means they are due on Wednesday, April 27&#13;
&#13;
1. Create a new method called findName()&#13;
- takes two parameters: an array of strings and a &quot;key&quot; string to find&#13;
- if the string is in the array, return the first index where it was found&#13;
- if the string is not in the array, return -1&#13;
&#13;
2. Create a new method called findMax()&#13;
- takes one parameter: an array of doubles&#13;
- returns the index of the maximum value in the array&#13;
&#13;
3. Create a main method to keep track of students' names and marks for ICS3U&#13;
- use an array of ints for the marks (make sure it has marks for at least 10 students)&#13;
- use a related array of Strings for the names&#13;
- &quot;related&quot; means that in the int array, the entry at index x should be the mark for the student whose name is stored at the same index in the String array&#13;
- Make a menu system with 3 options&#13;
a. Search for a student by name and print their mark&#13;
b. Search for the biggest mark in the list and print out the student's name and mark&#13;
c. Quit&#13;
- Options a and b must use the methods you wrote in 1 and 2.&#13;
- Testing! Make sure your findName() works for the first student in the array, for the last student, and for students who aren't there at all. Make sure your findMax() works if the max is the first, last, and in the middle. What does it do if there are two max marks?&#13;
&#13;
4. Bonus&#13;
- Add a 4th option to edit a student's grade. If they pick this, ask for the student's name, find their index, and then ask for the new grade and put it into the array.&#13;
&#13;
5. Super Bonus&#13;
- Include options to add a student, delete a student, count the # of passing and failing students, etc.&#13;
&#13;
6. Superduper Bonus&#13;
- If two or more students have the same name, return all the indexes and print them all out. &#13;
&#13;
7. Superdupercalifragilisticexpialidocious Bonus&#13;
- Figure out an algorithm to sort the grades by rearranging them in the array from highest to lowest and implement this algorithm in a sort method. Make sure the related array of names still matches the grades properly. There are lots of ways to do this, but there's one fairly simple way that lets you use your findMax() method.&#13;
 &#13;
&#13;
</body>
</firstclass>
