<?xml version="1.0"?>
<firstclass>
<FCFORMSHEADER>
	<fcobject objtype="oConfItem" formid="141" objname="Sam Scott">
		<field id="3" index="0" type="number">-925046064</field>
		<subject index="0" >Fwd: Getting Smart Ideas at Home</subject>
		<tonames index="0" >Grade 11 Computer Science</tonames>
		<bccnames index="0" >Evan Chou</bccnames>
	</fcobject>
</FCFORMSHEADER>
<body>
You can download Smart Ideas 5 here:&#13;
&#13;
http://download.cnet.com/SMART-Ideas-Concept-Mapping-Software/3000-2051_4-10865704.html&#13;
&#13;
You can unlock it by entering the board's registration code:&#13;
&#13;
IDEASONTSBDA8B599G788F&#13;
&#13;
If anyone tries this, please let me know whether it worked.&#13;
&#13;
Sam.</body>
</firstclass>
