<?xml version="1.0"?>
<firstclass>
<FCFORMSHEADER>
	<fcobject objtype="oConfItem" formid="141" objname="Sam Scott">
		<field id="3" index="0" type="number">-919713990</field>
		<subject index="0" >You must fill this in!</subject>
		<tonames index="0" >Grade 11 Computer Science</tonames>
	</fcobject>
</FCFORMSHEADER>
<body>
Cut and paste these questions into an email, answer them, and send your answers to the drop box. Each partner should fill in a form separately.&#13;
&#13;
1. Who did you work with on the Adventure game?&#13;
&#13;
&#13;
2. Describe how you worked together on this project. Who did what?&#13;
&#13;
&#13;
3. What percentage of the work did you do on the flow chart?&#13;
&#13;
&#13;
4. What percentage of the work did you do on the test cases?&#13;
&#13;
&#13;
5. What percentage of the work did you do on the code?&#13;
&#13;
&#13;
6. What percentage of the work did you do on the commenting?&#13;
&#13;
&#13;
7. What percentage of the total work did you do?&#13;
&#13;
&#13;
8. What percentage of the time were you both working together at the same time?&#13;
&#13;
</body>
</firstclass>
